text,subcategory
permiso para publicidad en fachadas historicas,16
"mi licencia vence pronto, con cuanta anticipacion debo renovarla?",18
como cierro la actividad si perdi la licencia fisica?,60
licencia funcionamiento zapateria,15
donde saco la licencia para mi tienda de ropa?,15
la licencia renovada incluye registro de letrero publicitario?,18
que impuestos debo estar al dia para renovar la licencia?,18
como renuevo la licencia si cambie el nombre comercial?,18
que sanciones hay por exceder el horario de atencion en feria?,22
puedo modificar solo la direccion sin moverme de calle?,19
que hago si mi negocio cambio de giro comercial?,19
error: registro publicidad eventual,17
como rectifico errores tipograficos en mi licencia?,19
permiso para publicidad en iglesias,16
permiso del propietario como debe ser?,16
se necesita inspeccion de salubridad para cierre de restaurante?,60
error ortografico: resgistro publisidad permanente,16
necesito certificado sanitario para vender alimentos en la feria?,22
el formulario se compra en el mismo lugar?,16
el permiso cubre instalacion de letrero luminoso?,22
que pasa si no renuevo mi licencia de funcionamiento a tiempo?,18
el registro eventual incluye musica en vivo?,22
el registro cubre varios dias de evento o uno solo?,22
el croquis del local es obligatorio?,15
la municipalidad provee electricidad para los puestos temporales?,22
que informacion lleva el cronograma de fechas?,17
que pasa si el municipio rechaza el cambio de actividad?,19
la renovacion de licencia requiere inspeccion sanitaria nuevamente?,18
cambiar de actividad renueva automaticamente la licencia?,19
requisitos para publicidad en maratones,17
licencia para servicio de catering,15
donde consigo los formatos de diseno?,16
documentos para publicidad en ofertas especiales,17
cuanto tarda en procesarse la baja de la licencia?,60
donde pago los derechos para publicidad de un dia?,17
checklist para cambio de actividad y domicilio,19
la renovacion de licencia lleva holograma nuevo?,18
renovar la licencia extiende la vigencia por otros dos anos?,18
que autoridad firma la resolucion de cierre?,60
que necesito para repartir volantes en la calle?,17
horario de atencion para registro de publicidad,16
permiso para negocio de reposteria,15
error: dokumentos para rejistrar publisidad temporal,17
que necesito para poner un letrero luminoso?,16
documentos para publicidad en tiendas deportivas,16
se puede transferir el permiso de publicidad temporal?,17
necesito certificado de bomberos en la renovacion de licencia?,18
cambio de actividad en sociedad unipersonal: proceso,19
puedo cerrar solo la matriz y mantener las sucursales?,60
requisitos para publicidad en hoteles,16
piden inspeccion del local?,15
para taller de bicicletas documentos,15
error: registro evental publisidad,17
solicitud de renovacion de licencia: modelo de carta,18
para taller pintura automotriz,15
piden plano estructural para anuncios grandes?,16
cambio de actividad a venta de licores: requisitos especiales,19
error: nesecito registro publisidad,16
requisitos para publicidad en cines,16
croquis de ubicacion como hacerlo?,16
es rapido el tramite para un pasacalle?,17
que tamano maximo para globos inflables?,17
puedo vender comida en la feria con este registro?,22
error: nesesito permizo para pasacalles,17
permiso para publicidad en mercados navidenos,17
requiero permiso de vecinos para cambiar el rubro del negocio?,19
permiso servicio tecnico computadoras,15
error: tramite registro publisidad,16
permiso para local de tatuajes,15
renovar licencia de funcionamiento para actividades nocturnas,18
que vigencia tiene la nueva licencia tras la renovacion?,18
documentos para publicidad en aniversarios de negocio,17
puedo renovar la licencia por internet o debo ir presencialmente?,18
renovacion de licencia 100 % en linea disponible?,18
requisitos para publicidad en gimnasios,16
error: registro publicidad permnente,16
se devuelve la garantia bancaria al cerrar la actividad?,60
que tamano maximo permiten para banners?,16
aceptan disenos digitales o deben ser fisicos?,17
requisitos taller reparacion celulares,15
permiso del propietario si pongo un stand en plaza publica?,17
requisitos para publicidad en plazas publicas,16
se puede pagar la tasa de feria con qr?,22
solicitud de espacio para feria escolar: proceso,22
vale para comercio electronico?,15
necesito permiso para publicidad de campana politica?,17
permiso local de manicura,15
hay restricciones de contenido para volantes?,17
multas por operar sin licencia,15
requisitos para publicidad permanente en el alto,16
error: requicitos registro publisidad eventual,17
cuales son los requisitos para renovar la licencia municipal de mi negocio?,18
es diferente para publicidad en autobuses por un dia?,17
donde pago la tasa por puesto de feria?,22
pasos para la renovacion de la licencia de funcionamiento,18
prorroga para declarar modificacion de datos de actividad economica,19
como renuevo mi licencia de funcionamiento que vence cada dos anos?,18
es valida para todo el municipio?,15
que pasa si modifico el diseno despues?,16
necesito permiso de senasag para vender comida en feria?,22
hay descuentos para eventos beneficos?,17
la municipalidad otorga mesas y sillas o debo llevarlas?,22
hay inspeccion sorpresa para renovar la licencia?,18
error: tramite lizencia funsionamiento,15
se actualiza el nit cuando cambio de actividad economica?,19
cuales son los requisitos para el cierre de actividad economica?,60
licencia para consultorio psicologico,15
renovar licencia requiere presentar contrato de alquiler actualizado?,18
que documentos piden para campanas educativas?,17
documentos para publicidad en supermercados,16
permiso para publicidad en temporadas turisticas,17
se puede delegar el cierre de actividad a un tercero?,60
diferencia entre suspension y cierre definitivo?,60
aplica para venta ambulante?,15
pasos para solicitar stand en expomype,22
donde se hace el tramite de renovacion de licencia de funcionamiento?,18
el cierre se refleja inmediatamente en la base de datos municipal?,60
el tramite es personal o puede ser representado?,16
necesito certificado de no adeudo para cerrar mi negocio?,60
la renovacion de licencia tiene descuento por pronto pago?,18
tramite para licencia de tienda de abarrotes,15
requisitos para publicidad en conciertos,17
como registro un banner publicitario para mi negocio?,16
documentos necesarios para renovar la licencia de actividad economica,18
es obligatorio mostrar la licencia renovada en el local?,18
se entrega nueva placa o holograma tras la modificacion?,19
que formulario debo llenar para la renovacion de licencia?,18
permiso para publicidad en funerarias,16
permiso para publicidad en paraderos,16
la renovacion cubre licencia sanitaria o es aparte?,18
es complicado sacar permiso para una cafeteria?,15
la modificacion de datos afecta la patente municipal?,19
requisitos para publicidad en talleres temporales,17
puedo renovar la licencia con poder notarial si soy representante?,18
documentos para publicidad en ferias gastronomicas,17
el registro eventual cubre publicidad sonora?,22
que pasa con los impuestos al cerrar mi negocio?,60
que es patente comercial?,15
se puede vender productos importados en la kermes?,22
documentos para publicidad en universidades,16
que formulario uso para modificar datos de mi licencia municipal?,19
como cambio la actividad economica registrada en mi licencia?,19
se debe publicar el cambio de domicilio en prensa?,19
que informacion lleva el croquis?,16
documentos para publicidad en degustaciones,17
vale para publicidad en redes sociales?,16
con cuanto tiempo de anticipacion solicito la baja?,60
como hago seguimiento en linea de la modificacion de datos?,19
como dar de baja actividad de persona natural?,60
actualizar actividad economica de taller a cafeteria: pasos,19
donde consigo formulario solicitud?,15
hay limite de dias para la publicidad eventual?,17
requisitos para publicidad en promociones relampago,17
donde compro el formulario para publicidad eventual?,17
la modificacion de datos se hace en ventanilla unica?,19
es obligatorio para freelancers?,15
error: tramite publisidad permanente,16
hay inspeccion final para verificar el cierre del local?,60
piden rgpd para licencia?,15
requisitos para publicidad en paradas de bus,16
permiso para publicidad en paraderos por 48 horas,17
cuantos registros temporales puedo pedir al ano?,22
requisitos para publicidad en parques durante feriados,17
requisitos para publicidad en escuelas,16
se paga otra tasa de bomberos al cambiar de giro?,19
donde solicito autorizacion para punto de venta temporal?,22
permiso para publicidad en edificios publicos durante eventos,17
que documentos debo entregar para el cierre?,60
puedo cerrar la actividad si mi licencia esta suspendida?,60
licencia funcionamiento floristeria,15
necesito fotos del espacio publicitario?,16
cierre de actividad requiere publicacion en prensa?,60
se puede obtener el registro de punto de venta en linea?,22
multas por publicidad eventual no registrada,17
necesito permiso para publicidad en mi fachada?,16
costo por modificar los datos de la actividad economica,19
requisitos venta de plantas,15
como renuevo el registro para publicidad extendida?,17
permiso para publicidad en ferias artesanales,16
requisitos para academia de baile,15
licencia venta productos cosmeticos,15
se necesita permiso de bomberos?,16
error: dokumentos para aktividad ekonomika,15
pasos para darse de baja si la feria se cancela,22
error: requicitos para licenzia economica,15
cual es el horario para tramitar la renovacion de licencia?,18
vigencia del registro publicitario,16
licencia para servicio de limpieza,15
cuanto cuesta registrar un globo inflable?,17
puedo renovar la licencia en feriado o fin de semana?,18
documentos para publicidad en bancos,16
cuanto tarda la modificacion de datos en la base municipal?,19
"que pasa si llueve y no uso el puesto, me devuelven la tasa?",22
aceptan fotocopia simple del dni?,15
hay descuento para productores locales en ferias?,22
licencia para negocio de impresion,15
error: registro permanete publisidad,16
requisitos para venta eventual de libros en plaza publica,22
error: registo publisidad permanente,16
documentos para publicidad en fiestas patronales,17
incluye publicidad exterior?,15
sunat antes o despues de la licencia?,15
como notifico al municipio el traslado de mi local comercial?,19
error: publicidad permanente registro,16
como cedo mi puesto eventual a otra persona?,22
como anulo la placa municipal al cerrar?,60
permiso para publicidad en estaciones de servicio,16
renovar licencia cambia mi numero de licencia?,18
requisitos para publicidad en aperturas de locales,17
aceptan dnis vencidos para este tramite?,17
para taller automotriz requisitos,15
licencia funcionamiento ferreteria que necesito?,15
es valido para publicidad movil?,16
donde pago los derechos municipales?,15
requisitos para licencia de funcionamiento municipal,15
que documentos piden para campanas sociales?,16
pago de derechos para licencia de tienda,15
necesito presentar croquis de ubicacion del puesto?,22
que medidas de bioseguridad exige la municipalidad?,22
requisitos tienda de artesanias,15
requisitos para publicidad en clinicas veterinarias,16
necesito habilitacion sanitaria adicional?,15
requisitos para publicidad en discotecas,16
como actualizo la actividad si anado un servicio extra al negocio?,19
la autorizacion para ferias vale en todo el municipio?,22
para tienda de regalos que piden?,15
error: nesecito documntos para lizensia,15
que necesito para abrir un taller mecanico?,15
que impuestos se recalculan al cambiar de giro comercial?,19
que es el reporte de control de datos?,16
puedo cerrar mi actividad con deudas tributarias en plan de pagos?,60
documentos para publicidad en eventos corporativos,17
se devuelve parte de la tasa si cierro antes del fin de ano?,60
permiso para publicidad en vehiculos,16
necesito presentar contrato de alquiler nuevo al cambiar de local?,19
licencia para servicio de transporte,15
licencia para servicio tecnico electronico,15
es necesario nuevo certificado de zonificacion para cambio de direccion?,19
se puede registrar publicidad temporal?,16
tramite de registro para kermes de colegio,22
permiso para publicidad en bodas masivas,17
permiso para publicidad en procesiones,17
necesito seguro para la publicidad?,16
permiso para publicidad en ferias del libro,17
puedo seguir operando mientras se procesa la modificacion de datos?,19
requisitos para actualizar la direccion de la actividad economica,19
necesito presentar plano del local para la renovacion de licencia?,18
multas por publicidad no registrada,16
como cierro un negocio que ya no opera hace anos?,60
que incluye el diseno de publicidad eventual?,17
permiso para taller costura industrial,15
aceptan publicidad digital?,16
puedo modificar razon social y actividad economica al mismo tiempo?,19
es diferente para sociedades?,15
permiso para publicidad en festivales de musica,17
permiso venta de productos organicos,15
el permiso de kermes es transferible a otra persona?,22
necesito nuevo croquis si solo cambio numero de puerta?,19
que es la proforma de pago?,16
como notifico al sin el cierre de mi actividad economica?,60
se necesita inspeccion para cambio de giro del negocio?,19
que es certificado de zonificacion?,15
donde esta la unidad de ingresos en el alto?,16
cual es la multa por no dar de baja la licencia a tiempo?,60
para venta de comida que adicional piden?,15
que documentos necesito para un puesto en kermes barrial?,22
renovar licencia de funcionamiento de restaurante: requisitos especiales,18
como obtener permiso para un local de internet?,15
cambio de nombre comercial vs. cambio de actividad: son tramites distintos?,19
error: requicitos registro publisidad,16
costo aproximado licencia comercial,15
cuanto tiempo tarda en salir el permiso de feria?,22
error ortografico: lizensia para negosio,15
licencia funcionamiento gimnasio pasos,15
donde recibo el reporte de control?,16
modelo de carta para cierre de actividad economica,60
como cancelar actividades secundarias y mantener la principal?,60
vigencia del registro para publicidad temporal,17
existe multa por no declarar cambio de domicilio del negocio?,19
requisitos para repartir muestras gratis,17
documentos para publicidad en convenciones,17
licencia funcionamiento veterinaria,15
requisitos para publicidad en parques,16
puedo cerrar solo la publicidad y mantener el negocio?,60
error: regitro publicidad permanente,16
que pasa con mi licencia actual si me mudo de distrito?,19
tramitar permiso para papeleria,15
la modificacion de datos requiere pago adelantado de tasas?,19
requisitos para publicidad en peluquerias,16
como renuevo el registro publicitario?,16
tramite para colocar afiches publicitarios temporales,17
como dar de baja varias sucursales al mismo tiempo?,60
error: rekisitos licenzia publisidad,15
tramite para registrar publicidad de campana politica,16
licencia funcionamiento joyeria,15
que hacer si cambia el representante legal del negocio?,19
el formulario es diferente al de publicidad permanente?,17
requisitos para publicidad en semanas culturales,17
se puede hacer el tramite en linea para cambio de domicilio?,19
requisitos para publicidad en eventos escolares,17
error: nesesito permizo para letrero,16
requisitos para puesto eventual en una feria navidena,22
puedo compartir un stand con otro comerciante?,22
que pasa si cambio las fechas despues del registro?,17
requisitos para publicidad en estadios,16
requisitos para publicidad en eventos deportivos,17
permiso para publicidad en estaciones de bus temporal,17
tramite expres para renovar licencia de funcionamiento,18
tasa municipal vigente para la renovacion de licencia 2025,18
para academia de idiomas requisitos,15
necesito un abogado para modificar la licencia de actividad?,19
documentos para publicidad exterior permanente,16
actualizar direccion postal y fiscal es el mismo tramite?,19
puedo cerrar temporalmente y luego reabrir?,60
permiso para publicidad en hospitales,16
permiso para publicidad en salones de eventos,16
requisitos para publicidad en exposiciones de arte,17
requisitos basicos licencia comercial,15
requisitos licencia lavanderia,15
documentos para publicidad en campanas de salud,17
como renuevo mi permiso de punto de venta temporal?,22
como renuevo la licencia de un negocio domiciliario?,18
horario de atencion para registro de publicidad temporal,17
documentos para publicidad en liquidaciones,17
requisitos para publicidad en pantallas led,16
que es el reporte de control para publicidad eventual?,17
tienda de mascotas requisitos licencia,15
es diferente para eventos politicos?,17
multa por renovar la licencia de funcionamiento fuera de plazo,18
documentacion guarderia infantil,15
"necesito operar mi panaderia, que debo hacer?",15
cuantos dias cubre el permiso para un puesto en feria?,22
croquis de ubicacion como hacerlo para volantes?,17
es diferente para publicidad luminosa?,16
necesito seguro de responsabilidad civil para mi stand?,22
error: tramite registro publisidad temporal,17
requisitos para publicidad en festivales culturales,17
error: publicidad eventual registro,17
necesito seguro para una instalacion temporal?,17
hay restricciones de contenido?,16
que incluye el diseno de publicidad?,16
puedo usar gas glp en la feria con este registro?,22
se necesita permiso de transito para pasacalles?,17
permiso para local en centro comercial,15
error: registo publisidad eventual,17
puedo registrar publicidad para mi empresa?,16
es diferente para profesionales independientes?,15
pasos para legalizar taller de costura,15
puedo cerrar la actividad si el local esta alquilado?,60
donde presento la solicitud de cierre de actividad economica?,60
renovacion licencia funcionamiento taller,15
licencia funcionamiento peluqueria canina,15
tramite para cerrar definitivamente mi negocio,60
requisitos estudio fotografico,15
donde pago los derechos municipales?,16
cuanto cuesta el permiso para un stand en la feria?,22
cuanto demora el tramite para licencia de restaurante?,15
necesito especificar las fechas exactas?,17
se puede hacer el tramite por internet?,17
renovacion de licencia de funcionamiento de barberias,18
revision de documentos para renovar licencia: checklist,18
permiso academia arte,15
error: regitro publicidad eventual,17
error: dokumentos para rejistrar publisidad,16
cierre de actividad de importacion requiere tramite adicional?,60
para un cyber que permisos necesito?,15
permiso para publicidad en celebraciones comunales,17
registro para vender artesanias en festival cultural,22
se cancela tambien el registro de letrero publicitario?,60
como cierro una empresa unipersonal?,60
requisitos para publicidad en centros comerciales,16
para venta de repuestos documentos,15
se genera certificado de cierre de actividad economica?,60
renovacion de licencia con deuda tributaria parcial,18
puedo modificar datos si mi licencia esta suspendida?,19
como obtengo permiso para vender en una feria municipal?,22
puedo usar mi propia carpa o debo alquilar la oficial?,22
la baja de licencia es definitiva o puedo reactivarla?,60
como renovar licencia de un food truck?,18
exencion para pequenos negocios?,15
donde esta la oficina para publicidad temporal?,17
que sucede si reabro sin haber cancelado la baja?,60
costo de la renovacion de la licencia de funcionamiento,18
como se mi categoria de actividad?,15
el tramite puede ser realizado por un representante?,17
documentos para instalar banderolas por una semana,17
se puede transferir el permiso?,16
aceptan dnis vencidos?,16
hay limite de anuncios por negocio?,16
documentos para actividad economica de peluqueria,15
error: permizo publisidad permanente,16
requisitos para publicidad en lanzamientos de producto,17
como registro un pasacalle para un evento temporal?,17
pasos para publicidad en islas peatonales,17
necesito contrato de arrendamiento del espacio para la feria?,22
cierre de actividad afecta el ruat de vehiculos de la empresa?,60
incluye redes sociales o solo fisico?,17
se puede renovar la licencia si tengo multas pendientes?,18
el avaluo catastral se pide al renovar la licencia?,18
permiso para publicidad en eventos religiosos,17
necesito pagar multas pendientes antes de cerrar la actividad?,60
licencia para venta de jugos naturales,15
documentos para publicidad en restaurantes,16
necesito nuevo cartel publicitario si cambio de actividad?,19
donde recibo el reporte de control para publicidad temporal?,17
checklist para cerrar un restaurante,60
permiso para publicidad en mercados municipales,16
permiso para publicidad en pastelerias,16
