text,subcategory
que necesito para abrir un taller mecanico?,0015
requisitos para licencia de funcionamiento de restaurante,0015
"quiero registrar mi libreria, que documentos piden?",0015
como obtener permiso para un local de internet?,0015
tramite para licencia de tienda de abarrotes,0015
documentos para actividad economica de peluqueria,0015
licencia funcionamiento ferreteria que necesito?,0015
es complicado sacar permiso para una cafeteria?,0015
pasos para legalizar taller de costura,0015
requisitos basicos licencia comercial,0015
"necesito operar mi panaderia, que debo hacer?",0015
donde saco la licencia para mi tienda de ropa?,0015
para un cyber que permisos necesito?,0015
cuanto demora el tramite para licencia de restaurante?,0015
"quiero poner una heladeria, que papeles?",0015
requisitos para licencia de funcionamiento municipal,0015
el croquis del local es obligatorio?,0015
sunat antes o despues de la licencia?,0015
pago de derechos para licencia de tienda,0015
error ortografico: lizensia para negosio,0015
vale para todo el pais o solo local?,0015
para un food truck es el mismo tramite?,0015
tienda de mascotas requisitos licencia,0015
que vigencia tiene la licencia comercial?,0015
renovacion licencia funcionamiento taller,0015
multas por operar sin licencia,0015
aceptan fotocopia simple del dni?,0015
licencia para servicio tecnico electronico,0015
requisitos para academia de baile,0015
necesito arquitecto para el croquis?,0015
para venta de comida que adicional piden?,0015
licencia funcionamiento gimnasio pasos,0015
donde consigo formulario solicitud?,0015
costo aproximado licencia comercial,0015
permiso para local en centro comercial,0015
es diferente para profesionales independientes?,0015
licencia para consultorio psicologico,0015
requisitos venta de ropa por catalogo,0015
error: nesecito documntos para lizensia,0015
incluye publicidad exterior?,0015
para taller automotriz requisitos,0015
vale para comercio electronico?,0015
licencia funcionamiento zapateria,0015
tramitar permiso para papeleria,0015
que es certificado de zonificacion?,0015
requisitos licencia lavanderia,0015
permiso para negocio de reposteria,0015
como se mi categoria de actividad?,0015
licencia para venta de jugos naturales,0015
error: requicitos para licenzia economica,0015
piden rgpd para licencia?,0015
para taller de bicicletas documentos,0015
licencia funcionamiento optica,0015
es obligatorio para freelancers?,0015
requisitos tienda de artesanias,0015
permiso para local de tatuajes,0015
donde pago los derechos municipales?,0015
licencia para servicio de catering,0015
documentacion guarderia infantil,0015
error: licensia para funsionamiento,0015
caduca el certificado no adeudo?,0015
para academia de idiomas requisitos,0015
licencia funcionamiento floristeria,0015
requisitos taller electronico,0015
necesito habilitacion sanitaria adicional?,0015
permiso venta de productos organicos,0015
licencia para negocio de impresion,0015
error: dokumentos para aktividad ekonomika,0015
aplica para venta ambulante?,0015
requisitos estudio fotografico,0015
licencia funcionamiento peluqueria canina,0015
para taller cerrajeria que necesito?,0015
es diferente para sociedades?,0015
permiso local de manicura,0015
requisitos tienda de deportes,0015
licencia para servicio de limpieza,0015
error: tramite lizencia funsionamiento,0015
piden inspeccion del local?,0015
para taller pintura automotriz,0015
licencia funcionamiento joyeria,0015
requisitos venta de plantas,0015
permiso para taller costura industrial,0015
como actualizo mi categoria?,0015
licencia para servicio de transporte,0015
error: rekisitos licenzia publisidad,0015
incluye permiso de via publica?,0015
requisitos taller muebles madera,0015
licencia funcionamiento agencia viajes,0015
para venta de repuestos documentos,0015
es valida para todo el municipio?,0015
permiso academia arte,0015
licencia venta productos cosmeticos,0015
error: nesesito papeles lizenzia,0015
que es patente comercial?,0015
requisitos taller reparacion celulares,0015
licencia funcionamiento veterinaria,0015
para tienda de regalos que piden?,0015
exencion para pequenos negocios?,0015
permiso servicio tecnico computadoras,0015
licencia venta alimentos envasados,0015
como registro un banner publicitario para mi negocio?,0016
requisitos para publicidad permanente en el alto,0016
que necesito para poner un letrero luminoso?,0016
tramite para registrar publicidad de campana politica,0016
donde compro el formulario para publicidad?,0016
documentos para publicidad exterior permanente,0016
cuanto cuesta registrar un anuncio?,0016
pasos para publicidad en vallas publicitarias,0016
necesito permiso para publicidad en mi fachada?,0016
horario de atencion para registro de publicidad,0016
error ortografico: resgistro publisidad permanente,0016
es rapido el tramite para banners?,0016
requisitos para publicidad en paradas de bus,0016
donde esta la unidad de ingresos en el alto?,0016
que es el reporte de control de datos?,0016
permiso para publicidad en vehiculos,0016
aceptan publicidad digital?,0016
requisitos para publicidad en centros comerciales,0016
puedo registrar publicidad para mi empresa?,0016
croquis de ubicacion como hacerlo?,0016
error: dokumentos para rejistrar publisidad,0016
que tamano maximo permiten para banners?,0016
requisitos para publicidad en eventos temporales,0016
vale para publicidad en redes sociales?,0016
necesito fotos del espacio publicitario?,0016
permiso del propietario como debe ser?,0016
multas por publicidad no registrada,0016
requisitos para publicidad en taxis,0016
donde pago los derechos municipales?,0016
error: nesesito permizo para letrero,0016
el formulario se compra en el mismo lugar?,0016
requisitos para publicidad en pantallas led,0016
es diferente para campanas electorales?,0016
documentos para publicidad en autobuses,0016
permiso para publicidad en postes,0016
error: requicitos registro publisidad,0016
se puede hacer el tramite por internet?,0016
requisitos para publicidad en estadios,0016
que incluye el diseno de publicidad?,0016
vigencia del registro publicitario,0016
requisitos para publicidad en farmacias,0016
aceptan dnis vencidos?,0016
permiso para publicidad en hospitales,0016
error: tramite registro publisidad permnente,0016
hay restricciones de contenido?,0016
requisitos para publicidad en escuelas,0016
necesito seguro para la publicidad?,0016
documentos para publicidad en aeropuertos,0016
permiso para publicidad en iglesias,0016
error: registro publicidad permnente,0016
se puede transferir el permiso?,0016
requisitos para publicidad en parques,0016
que es la proforma de pago?,0016
documentos para publicidad en restaurantes,0016
permiso para publicidad en fachadas historicas,0016
error: nesecito registro publisidad,0016
el tramite es personal o puede ser representado?,0016
requisitos para publicidad en hoteles,0016
donde consigo los formatos de diseno?,0016
permiso para publicidad en estaciones de servicio,0016
error: registo publisidad permanente,0016
hay descuentos para ongs?,0016
requisitos para publicidad en cines,0016
que informacion lleva el croquis?,0016
documentos para publicidad en centros medicos,0016
permiso para publicidad en mercados municipales,0016
error: tramite registro publisidad,0016
piden plano estructural para anuncios grandes?,0016
requisitos para publicidad en plazas publicas,0016
es valido para publicidad movil?,0016
documentos para publicidad en universidades,0016
permiso para publicidad en edificios gubernamentales,0016
error: registar publicidad permanente,0016
se necesita permiso de bomberos?,0016
requisitos para publicidad en discotecas,0016
que documentos piden para campanas sociales?,0016
permiso para publicidad en paraderos,0016
error: regitro publicidad permanente,0016
como renuevo el registro publicitario?,0016
requisitos para publicidad en gimnasios,0016
aceptan disenos digitales o deben ser fisicos?,0016
documentos para publicidad en supermercados,0016
permiso para publicidad en ferias artesanales,0016
error: publicidad permanente registro,0016
hay limite de anuncios por negocio?,0016
requisitos para publicidad en clinicas veterinarias,0016
donde recibo el reporte de control?,0016
documentos para publicidad en bancos,0016
permiso para publicidad en funerarias,0016
error: permizo publisidad permanente,0016
que pasa si modifico el diseno despues?,0016
requisitos para publicidad en peluquerias,0016
es diferente para publicidad luminosa?,0016
documentos para publicidad en tiendas deportivas,0016
permiso para publicidad en salones de eventos,0016
error: tramite publisidad permanente,0016
se puede registrar publicidad temporal?,0016
requisitos para publicidad en lavanderias,0016
incluye redes sociales o solo fisico?,0016
documentos para publicidad en opticas,0016
permiso para publicidad en pastelerias,0016
error: registro permanete publisidad,0016
como registro un pasacalle para un evento temporal?,0017
requisitos para publicidad eventual en via publica,0017
que necesito para repartir volantes en la calle?,0017
tramite para colocar afiches publicitarios temporales,0017
donde compro el formulario para publicidad eventual?,0017
documentos para instalar banderolas por una semana,0017
cuanto cuesta registrar un globo inflable?,0017
pasos para publicidad en islas peatonales,0017
necesito permiso para publicidad de campana politica?,0017
horario de atencion para registro de publicidad temporal,0017
error ortografico: resgistro publisidad eventual,0017
es rapido el tramite para un pasacalle?,0017
requisitos para publicidad en eventos deportivos,0017
donde esta la oficina para publicidad temporal?,0017
que es el reporte de control para publicidad eventual?,0017
permiso para repartir folletos en semaforos,0017
aceptan publicidad movil eventual?,0017
requisitos para publicidad en conciertos,0017
puedo registrar publicidad para una feria temporal?,0017
croquis de ubicacion como hacerlo para volantes?,0017
error: dokumentos para rejistrar publisidad temporal,0017
que tamano maximo para globos inflables?,0017
requisitos para publicidad en festivales culturales,0017
vale para publicidad en redes sociales?,0017
necesito especificar las fechas exactas?,0017
permiso del propietario si pongo un stand en plaza publica?,0017
multas por publicidad eventual no registrada,0017
requisitos para publicidad en maratones,0017
donde pago los derechos para publicidad de un dia?,0017
error: nesesito permizo para pasacalles,0017
el formulario es diferente al de publicidad permanente?,0017
requisitos para publicidad con pantallas moviles,0017
es diferente para eventos politicos?,0017
documentos para publicidad en ferias gastronomicas,0017
permiso para publicidad en eventos religiosos,0017
error: requicitos registro publisidad eventual,0017
se puede hacer el tramite por internet?,0017
requisitos para publicidad en campeonatos deportivos,0017
que incluye el diseno de publicidad eventual?,0017
vigencia del registro para publicidad temporal,0017
requisitos para repartir muestras gratis,0017
aceptan dnis vencidos para este tramite?,0017
permiso para publicidad en festivales de musica,0017
error: tramite registro publisidad eventual,0017
hay restricciones de contenido para volantes?,0017
requisitos para publicidad en eventos escolares,0017
necesito seguro para una instalacion temporal?,0017
documentos para publicidad en convenciones,0017
permiso para publicidad en procesiones,0017
error: registro publicidad eventual,0017
se puede transferir el permiso de publicidad temporal?,0017
requisitos para publicidad en parques durante feriados,0017
que es la proforma de pago para este tramite?,0017
documentos para publicidad en aniversarios de negocio,0017
permiso para publicidad en vias publicas durante festividades,0017
error: nesecito registro publisidad temporal,0017
el tramite puede ser realizado por un representante?,0017
requisitos para publicidad en lanzamientos de producto,0017
donde consigo los formatos de diseno para banderolas?,0017
permiso para publicidad en estaciones de bus temporal,0017
error: registo publisidad eventual,0017
hay descuentos para eventos beneficos?,0017
requisitos para publicidad en exposiciones de arte,0017
que informacion lleva el cronograma de fechas?,0017
documentos para publicidad en campanas de salud,0017
permiso para publicidad en mercados navidenos,0017
error: tramite registro publisidad temporal,0017
piden plano de seguridad para estructuras grandes?,0017
requisitos para publicidad en carnavales,0017
es valido para publicidad en transporte publico temporal?,0017
documentos para publicidad en fiestas patronales,0017
permiso para publicidad en edificios publicos durante eventos,0017
error: registar publicidad eventual,0017
se necesita permiso de transito para pasacalles?,0017
requisitos para publicidad en eventos nocturnos,0017
que documentos piden para campanas educativas?,0017
permiso para publicidad en paraderos por 48 horas,0017
error: regitro publicidad eventual,0017
como renuevo el registro para publicidad extendida?,0017
requisitos para publicidad en aperturas de locales,0017
aceptan disenos digitales o deben ser fisicos?,0017
documentos para publicidad en ofertas especiales,0017
permiso para publicidad en ferias del libro,0017
error: publicidad eventual registro,0017
hay limite de dias para la publicidad eventual?,0017
requisitos para publicidad en semanas culturales,0017
donde recibo el reporte de control para publicidad temporal?,0017
documentos para publicidad en eventos corporativos,0017
permiso para publicidad en celebraciones comunales,0017
error: permizo publisidad eventual,0017
que pasa si cambio las fechas despues del registro?,0017
requisitos para publicidad en promociones relampago,0017
es diferente para publicidad en autobuses por un dia?,0017
documentos para publicidad en liquidaciones,0017
permiso para publicidad en bodas masivas,0017
error: tramite publisidad eventual,0017
se puede registrar publicidad para un solo dia?,0017
requisitos para publicidad en talleres temporales,0017
incluye redes sociales o solo fisico?,0017
documentos para publicidad en degustaciones,0017
permiso para publicidad en temporadas turisticas,0017
error: registro evental publisidad,0017
como renuevo mi licencia de funcionamiento que vence cada dos anos?,0018
pasos para la renovacion de la licencia de funcionamiento,0018
cuales son los requisitos para renovar la licencia municipal de mi negocio?,0018
donde se hace el tramite de renovacion de licencia de funcionamiento?,0018
que formulario debo llenar para la renovacion de licencia?,0018
costo de la renovacion de la licencia de funcionamiento,0018
puedo renovar la licencia por internet o debo ir presencialmente?,0018
cuanto tiempo tarda la renovacion de la licencia de funcionamiento?,0018
"mi licencia vence pronto, con cuanta anticipacion debo renovarla?",0018
documentos necesarios para renovar la licencia de actividad economica,0018
necesito presentar plano del local para la renovacion de licencia?,0018
renovar la licencia extiende la vigencia por otros dos anos?,0018
multa por renovar la licencia de funcionamiento fuera de plazo,0018
que pasa si no renuevo mi licencia de funcionamiento a tiempo?,0018
se puede renovar la licencia si tengo multas pendientes?,0018
la renovacion de licencia requiere inspeccion sanitaria nuevamente?,0018
tramite expres para renovar licencia de funcionamiento,0018
renovar licencia cambia mi numero de licencia?,0018
el avaluo catastral se pide al renovar la licencia?,0018
renovar licencia de funcionamiento de restaurante: requisitos especiales,0018
como renuevo la licencia de un negocio domiciliario?,0018
necesito actualizacion de plano electrico para renovar la licencia?,0018
puedo renovar la licencia con poder notarial si soy representante?,0018
que impuestos debo estar al dia para renovar la licencia?,0018
la renovacion de licencia tiene descuento por pronto pago?,0018
renovar licencia de funcionamiento para actividades nocturnas,0018
pasos para renovar licencia de tiendas de abarrotes,0018
renovacion de licencia 100 % en linea disponible?,0018
que vigencia tiene la nueva licencia tras la renovacion?,0018
puedo renovar la licencia antes de los dos anos?,0018
solicitud de renovacion de licencia: modelo de carta,0018
necesito certificado de bomberos en la renovacion de licencia?,0018
la licencia renovada incluye registro de letrero publicitario?,0018
renovacion de licencia de funcionamiento de barberias,0018
como renuevo la licencia si cambie el nombre comercial?,0018
revision de documentos para renovar licencia: checklist,0018
hay inspeccion sorpresa para renovar la licencia?,0018
se paga con qr la renovacion de licencia municipal?,0018
como renovar licencia de un food truck?,0018
la renovacion cubre licencia sanitaria o es aparte?,0018
cual es el horario para tramitar la renovacion de licencia?,0018
puedo renovar la licencia en feriado o fin de semana?,0018
renovar licencia requiere presentar contrato de alquiler actualizado?,0018
se renueva la licencia y el nit al mismo tiempo?,0018
necesito permiso de uso de suelo para renovar la licencia?,0018
que sucede si pierdo el documento fisico de la licencia al renovarla?,0018
renovacion de licencia con deuda tributaria parcial,0018
cuantas veces puedo renovar la licencia sin inspeccion?,0018
es obligatorio mostrar la licencia renovada en el local?,0018
la renovacion de licencia lleva holograma nuevo?,0018
tasa municipal vigente para la renovacion de licencia 2025,0018
puedo delegar la renovacion de licencia a un gestor autorizado?,0018
como cambio la actividad economica registrada en mi licencia?,0019
tramite para modificar el domicilio fiscal de mi negocio,0019
que hago si mi negocio cambio de giro comercial?,0019
requisitos para actualizar la direccion de la actividad economica,0019
puedo modificar razon social y actividad economica al mismo tiempo?,0019
costo por modificar los datos de la actividad economica,0019
se necesita inspeccion para cambio de giro del negocio?,0019
cuanto tarda la modificacion de datos en la base municipal?,0019
documentos para cambiar de rubro en la licencia de funcionamiento,0019
se actualiza el nit cuando cambio de actividad economica?,0019
es necesario nuevo certificado de zonificacion para cambio de direccion?,0019
que formulario uso para modificar datos de mi licencia municipal?,0019
como notifico al municipio el traslado de mi local comercial?,0019
puedo seguir operando mientras se procesa la modificacion de datos?,0019
existe multa por no declarar cambio de domicilio del negocio?,0019
necesito nuevo cartel publicitario si cambio de actividad?,0019
la modificacion de datos genera nuevo numero de licencia?,0019
que pasa con mi licencia actual si me mudo de distrito?,0019
se paga otra tasa de bomberos al cambiar de giro?,0019
como actualizo la actividad si anado un servicio extra al negocio?,0019
cambio de nombre comercial vs. cambio de actividad: son tramites distintos?,0019
se debe publicar el cambio de domicilio en prensa?,0019
prorroga para declarar modificacion de datos de actividad economica,0019
la modificacion de datos se hace en ventanilla unica?,0019
puedo modificar solo la direccion sin moverme de calle?,0019
cambio de local dentro del mismo edificio: se tramita igual?,0019
actualizar actividad economica de taller a cafeteria: pasos,0019
requiero permiso de vecinos para cambiar el rubro del negocio?,0019
se cancela la licencia anterior despues de la modificacion?,0019
checklist para cambio de actividad y domicilio,0019
que hacer si cambia el representante legal del negocio?,0019
necesito nuevo croquis si solo cambio numero de puerta?,0019
como actualizo datos si paso de persona natural a empresa?,0019
la modificacion de datos afecta la patente municipal?,0019
se puede hacer el tramite en linea para cambio de domicilio?,0019
que impuestos se recalculan al cambiar de giro comercial?,0019
necesito un abogado para modificar la licencia de actividad?,0019
cambio de actividad a venta de licores: requisitos especiales,0019
hay que informar a la felcc el cambio de rubro?,0019
cual es el plazo maximo para modificar datos tras el cambio?,0019
cambiar de actividad renueva automaticamente la licencia?,0019
que autoridad firma la aprobacion del cambio de domicilio?,0019
se debe actualizar la carpeta sanitaria al cambiar de rubro?,0019
puedo modificar datos si mi licencia esta suspendida?,0019
cambio de actividad en sociedad unipersonal: proceso,0019
como rectifico errores tipograficos en mi licencia?,0019
necesito presentar contrato de alquiler nuevo al cambiar de local?,0019
la modificacion de datos requiere pago adelantado de tasas?,0019
actualizar direccion postal y fiscal es el mismo tramite?,0019
se entrega nueva placa o holograma tras la modificacion?,0019
como hago seguimiento en linea de la modificacion de datos?,0019
que pasa si el municipio rechaza el cambio de actividad?,0019
como obtengo permiso para vender en una feria municipal?,0022
tramite de registro para kermes de colegio,0022
requisitos para puesto eventual en una feria navidena,0022
cuanto cuesta el permiso para un stand en la feria?,0022
donde solicito autorizacion para punto de venta temporal?,0022
puedo vender comida en la feria con este registro?,0022
que documentos necesito para un puesto en kermes barrial?,0022
el registro eventual cubre publicidad sonora?,0022
cuanto tiempo tarda en salir el permiso de feria?,0022
se puede obtener el registro de punto de venta en linea?,0022
necesito certificado sanitario para vender alimentos en la feria?,0022
cuantos dias cubre el permiso para un puesto en feria?,0022
multa por vender sin registro en eventos municipales,0022
el permiso de kermes es transferible a otra persona?,0022
solicitud de espacio para feria escolar: proceso,0022
puedo montar inflables infantiles con este registro?,0022
cuantos metros cuadrados me asignan en la feria?,0022
como renuevo mi permiso de punto de venta temporal?,0022
la autorizacion eventual permite venta de bebidas alcoholicas?,0022
registro para vender artesanias en festival cultural,0022
pasos para solicitar stand en expomype,0022
necesito contrato de arrendamiento del espacio para la feria?,0022
la municipalidad provee electricidad para los puestos temporales?,0022
hay descuento para productores locales en ferias?,0022
puedo usar mi propia carpa o debo alquilar la oficial?,0022
el registro cubre varios dias de evento o uno solo?,0022
donde pago la tasa por puesto de feria?,0022
hay inspeccion previa al otorgar el permiso de kermes?,0022
requisitos para venta eventual de libros en plaza publica,0022
cuando abre la convocatoria para puestos en feria navidena?,0022
necesito permiso de senasag para vender comida en feria?,0022
el registro eventual incluye musica en vivo?,0022
cuantos registros temporales puedo pedir al ano?,0022
"que pasa si llueve y no uso el puesto, me devuelven la tasa?",0022
permiso para vender globos y juguetes en fiestas patrias,0022
la autorizacion para ferias vale en todo el municipio?,0022
puedo compartir un stand con otro comerciante?,0022
que medidas de bioseguridad exige la municipalidad?,0022
se puede vender productos importados en la kermes?,0022
hay zonas vetadas para venta eventual?,0022
necesito presentar croquis de ubicacion del puesto?,0022
cuantos empleados puedo registrar en un puesto temporal?,0022
el permiso cubre instalacion de letrero luminoso?,0022
que sanciones hay por exceder el horario de atencion en feria?,0022
se exige extintor para puestos de comida?,0022
puedo usar gas glp en la feria con este registro?,0022
la municipalidad otorga mesas y sillas o debo llevarlas?,0022
como cedo mi puesto eventual a otra persona?,0022
se puede pagar la tasa de feria con qr?,0022
necesito seguro de responsabilidad civil para mi stand?,0022
pasos para darse de baja si la feria se cancela,0022
como doy de baja mi licencia de funcionamiento?,0060
tramite para cerrar definitivamente mi negocio,0060
cuales son los requisitos para el cierre de actividad economica?,0060
puedo cerrar mi empresa en linea o debo ir presencial?,0060
costo del tramite de cierre de actividad economica,0060
que pasa con los impuestos al cerrar mi negocio?,0060
necesito pagar multas pendientes antes de cerrar la actividad?,0060
donde presento la solicitud de cierre de actividad economica?,0060
cuanto tarda en procesarse la baja de la licencia?,0060
se retira la publicidad al cerrar la actividad?,0060
modelo de carta para cierre de actividad economica,0060
la baja de licencia es definitiva o puedo reactivarla?,0060
que documentos debo entregar para el cierre?,0060
puedo cerrar la actividad si el local esta alquilado?,0060
se cancela tambien el registro de letrero publicitario?,0060
como cierro una actividad economica sin movimiento?,0060
necesito certificado de no adeudo para cerrar mi negocio?,0060
como notifico al sin el cierre de mi actividad economica?,0060
que pasa con la patente municipal al cerrar?,0060
hay inspeccion final para verificar el cierre del local?,0060
puedo cerrar solo la publicidad y mantener el negocio?,0060
con cuanto tiempo de anticipacion solicito la baja?,0060
como cierro la actividad si perdi la licencia fisica?,0060
se devuelve parte de la tasa si cierro antes del fin de ano?,0060
puedo cerrar temporalmente y luego reabrir?,0060
cual es la multa por no dar de baja la licencia a tiempo?,0060
se puede delegar el cierre de actividad a un tercero?,0060
cierre de actividad requiere publicacion en prensa?,0060
como dar de baja actividad de persona natural?,0060
diferencia entre suspension y cierre definitivo?,0060
que hago con el letrero luminoso tras el cierre?,0060
se da de baja el nit junto con la licencia?,0060
checklist para cerrar un restaurante,0060
debo desmontar la publicidad exterior al cerrar?,0060
como cierro una empresa unipersonal?,0060
se debe pagar tasa por retiro de publicidad?,0060
puedo cerrar mi actividad con deudas tributarias en plan de pagos?,0060
como cancelar actividades secundarias y mantener la principal?,0060
que autoridad firma la resolucion de cierre?,0060
se genera certificado de cierre de actividad economica?,0060
puedo cerrar la actividad si mi licencia esta suspendida?,0060
como anulo la placa municipal al cerrar?,0060
el cierre se refleja inmediatamente en la base de datos municipal?,0060
cierre de actividad de importacion requiere tramite adicional?,0060
como cierro un negocio que ya no opera hace anos?,0060
se necesita inspeccion de salubridad para cierre de restaurante?,0060
cierre de actividad afecta el ruat de vehiculos de la empresa?,0060
como dar de baja varias sucursales al mismo tiempo?,0060
se devuelve la garantia bancaria al cerrar la actividad?,0060
puedo cerrar solo la matriz y mantener las sucursales?,0060
que sucede si reabro sin haber cancelado la baja?,0060
donde puedo consultar el estado de mi tramite de cierre?,0060
